experiment,location,workers,connections,streams,variant,trials,full_population_trials,server_binary_sha256,requests_per_second,server_cpu_us_per_request,p50_ms,p99_ms,rss_bytes,peak_rss_bytes,prepared_rss_bytes,measurement_failure_rate,server_cpu_cores,client_cpu_cores,setup_attempted,setup_succeeded,setup_failed,holding_attempted,holding_succeeded,holding_failed,warmup_attempted,warmup_succeeded,warmup_failed,measurement_attempted,measurement_succeeded,measurement_failed,setup_unattempted,failure_records
zhtps-bun-headers-multi,loopback,2,1024,4,baseline,3,3,98a91544db4f18e1a9fb45aca4e81e2973e4dd4f47e73d84f479c67d87e5ef2d,288146.3670636593,5.746105225263478,14.0,21.1,185638912,185638912,183730176,0.0,1.654887479708011,6.2306749213462345,3072,3072,0,0,0,0,1689468,1689468,0,5174278,5174278,0,0,0
zhtps-bun-headers-multi,loopback,2,1024,4,headers,3,3,a94790f6bf65b6668c9c5771f25404123c5c377f8ab946abd819feef7d91a6db,304911.9507623855,5.363079968268898,13.4,20.0,185835520,185835520,183758848,0.0,1.6339351858459301,6.573497230081484,3072,3072,0,0,0,0,1794366,1794366,0,5314645,5314645,0,0,0
zhtps-bun-headers-multi,loopback,4,1024,4,baseline,3,3,98a91544db4f18e1a9fb45aca4e81e2973e4dd4f47e73d84f479c67d87e5ef2d,584560.6622471868,5.657612777833775,6.72,12.6,200421376,200421376,198950912,0.0,3.3061937913345623,12.94125871211566,3072,3072,0,0,0,0,3472565,3472565,0,10524644,10524644,0,0,0
zhtps-bun-headers-multi,loopback,4,1024,4,headers,3,3,a94790f6bf65b6668c9c5771f25404123c5c377f8ab946abd819feef7d91a6db,615092.2541522165,5.312626269597246,6.37,12.4,200761344,200761344,199086080,0.0,3.2695845329550015,13.768650696751367,3072,3072,0,0,0,0,3671719,3671719,0,11071408,11071408,0,0,0
zhtps-bun-headers-multi,loopback,8,1024,4,baseline,3,3,98a91544db4f18e1a9fb45aca4e81e2973e4dd4f47e73d84f479c67d87e5ef2d,636611.0673998351,6.960442705089706,6.28,14.2,230871040,230871040,229355520,0.0,4.445389357352725,14.223680099889165,3072,3072,0,0,0,0,3795324,3795324,0,11560677,11560677,0,0,0
zhtps-bun-headers-multi,loopback,8,1024,4,headers,3,3,a94790f6bf65b6668c9c5771f25404123c5c377f8ab946abd819feef7d91a6db,638095.6727081685,6.600788111339155,6.27,14.3,230645760,230645760,229105664,0.0,4.245062255450047,14.220811586943595,3072,3072,0,0,0,0,3794953,3794953,0,11508403,11508403,0,0,0
zhtps-bun-headers-remote,remote,8,64,4,baseline,3,3,98a91544db4f18e1a9fb45aca4e81e2973e4dd4f47e73d84f479c67d87e5ef2d,288829.9034314688,7.689154239001479,0.821,1.95,87887872,87887872,87973888,0.0,2.2229894113914392,6.385637132374117,192,192,0,0,0,0,1715726,1715726,0,6996157,6996157,0,0,0
zhtps-bun-headers-remote,remote,8,64,4,headers,3,3,a94790f6bf65b6668c9c5771f25404123c5c377f8ab946abd819feef7d91a6db,289986.467382765,7.362696611149996,0.82,1.98,88014848,88014848,88014848,0.0,2.1455845604946497,6.427172161970076,192,192,0,0,0,0,1697349,1697349,0,6962956,6962956,0,0,0
zhtps-bun-headers-remote,remote,8,1024,4,baseline,3,3,98a91544db4f18e1a9fb45aca4e81e2973e4dd4f47e73d84f479c67d87e5ef2d,266506.268118694,7.257665339637481,1.75,222.0,231288832,231288832,228937728,3.4742639554668847e-06,1.9331288111396372,6.458948779851678,3072,3072,0,0,0,0,1711889,1711865,24,6929076,6929044,32,0,56
zhtps-bun-headers-remote,remote,8,1024,4,headers,3,3,a94790f6bf65b6668c9c5771f25404123c5c377f8ab946abd819feef7d91a6db,267385.4544756474,6.896178998000324,1.74,225.0,231075840,231075840,229076992,5.2826876201536296e-06,1.8425733764785939,6.481466191225967,3072,3072,0,0,0,0,1735029,1735029,0,6902381,6902341,40,0,40
zhtps-bun-headers-remote,remote,8,8192,4,baseline,3,3,98a91544db4f18e1a9fb45aca4e81e2973e4dd4f47e73d84f479c67d87e5ef2d,245178.68962559744,12.067563150413152,8.82,849.0,1358135296,1358135296,1339678720,0.0001353854280625965,2.9566418100446348,6.593791122958148,24576,24576,0,0,0,0,1611000,1610864,136,6314223,6313153,1070,0,1206
zhtps-bun-headers-remote,remote,8,8192,4,headers,3,3,a94790f6bf65b6668c9c5771f25404123c5c377f8ab946abd819feef7d91a6db,240639.47760002772,11.604987865570175,8.7,850.0,1359155200,1359155200,1340182528,0.00018271030381978136,2.802375003853105,6.486223454056908,24576,24576,0,0,0,0,1608768,1608563,205,6315316,6314238,1078,0,1283
zhtps-bun-headers-remote,remote,8,16384,4,baseline,3,3,98a91544db4f18e1a9fb45aca4e81e2973e4dd4f47e73d84f479c67d87e5ef2d,209618.92440845064,19.416074801949655,227.0,1290.0,2644611072,2644611072,2609307648,0.002304062784975864,3.977479988098427,5.903909205640832,49152,49152,0,0,0,0,1577780,1576252,1528,6122691,6108580,14111,0,15639
zhtps-bun-headers-remote,remote,8,16384,4,headers,3,3,a94790f6bf65b6668c9c5771f25404123c5c377f8ab946abd819feef7d91a6db,207232.25661283184,19.10536123650181,228.0,1280.0,2646224896,2646224896,2607906816,0.0023281116040953956,3.929141593932939,5.837508552279619,49152,49152,0,0,0,0,1594632,1593007,1625,6055691,6043081,12610,0,14235
zhtps-bun-headers-screen,loopback,1,64,4,baseline,3,3,98a91544db4f18e1a9fb45aca4e81e2973e4dd4f47e73d84f479c67d87e5ef2d,167015.91398749917,4.878730133391866,1.53,2.16,27963392,27963392,27856896,0.0,0.8128867873893945,2.0048288313041547,192,192,0,0,0,0,971653,971653,0,3008750,3008750,0,0,0
zhtps-bun-headers-screen,loopback,1,64,4,headers,3,3,a94790f6bf65b6668c9c5771f25404123c5c377f8ab946abd819feef7d91a6db,177328.0749229254,4.504246660054182,1.44,2.04,27959296,27959296,27840512,0.0,0.7978144225996358,2.1789675055566473,192,192,0,0,0,0,1036616,1036616,0,3171360,3171360,0,0,0
zhtps-bun-headers-screen,loopback,2,64,4,baseline,3,3,98a91544db4f18e1a9fb45aca4e81e2973e4dd4f47e73d84f479c67d87e5ef2d,323024.0099327018,4.9575640769026,0.794,1.33,36593664,36593664,36491264,0.0,1.6006293899945934,4.078238948615891,192,192,0,0,0,0,1946483,1946483,0,5832797,5832797,0,0,0
zhtps-bun-headers-screen,loopback,2,64,4,headers,3,3,a94790f6bf65b6668c9c5771f25404123c5c377f8ab946abd819feef7d91a6db,345531.8962077794,4.5639897358374295,0.725,1.11,36663296,36663296,36573184,0.0,1.5789168664506672,4.339647475975051,192,192,0,0,0,0,2075668,2075668,0,6216219,6216219,0,0,0
zhtps-bun-headers-screen,loopback,4,64,4,baseline,3,3,98a91544db4f18e1a9fb45aca4e81e2973e4dd4f47e73d84f479c67d87e5ef2d,643349.2860705397,4.989130637510387,0.384,0.767,53809152,53809152,53792768,0.0,3.2083262568261146,8.048464402757201,192,192,0,0,0,0,3839430,3839430,0,11561573,11561573,0,0,0
zhtps-bun-headers-screen,loopback,4,64,4,headers,3,3,a94790f6bf65b6668c9c5771f25404123c5c377f8ab946abd819feef7d91a6db,679921.82584409,4.674296857803821,0.368,0.791,53841920,53841920,53800960,0.0,3.1748194378875607,8.361307154237434,192,192,0,0,0,0,4019673,4019673,0,12101359,12101359,0,0,0
zhtps-bun-headers-screen,loopback,8,64,4,baseline,3,3,98a91544db4f18e1a9fb45aca4e81e2973e4dd4f47e73d84f479c67d87e5ef2d,1065931.4231120697,5.665890681454683,0.217,0.689,88150016,88150016,88141824,0.0,6.03027214387603,12.687309020613082,192,192,0,0,0,0,6560264,6560264,0,19307889,19307889,0,0,0
zhtps-bun-headers-screen,loopback,8,64,4,headers,3,3,a94790f6bf65b6668c9c5771f25404123c5c377f8ab946abd819feef7d91a6db,1077876.743630885,5.377762444954035,0.22,0.678,87973888,87973888,87965696,0.0,5.74743973266756,12.775471998171337,192,192,0,0,0,0,6640875,6640875,0,19479602,19479602,0,0,0
