workers,connections,server,streams,trials,full_population_trials,unexpected_server_exits,requests_per_second,min_requests_per_second,max_requests_per_second,p50_ms,min_p50_ms,max_p50_ms,p99_ms,min_p99_ms,max_p99_ms,failure_p99_ms,min_failure_p99_ms,max_failure_p99_ms,server_cpu_cores,min_server_cpu_cores,max_server_cpu_cores,server_cpu_us_per_request,min_server_cpu_us_per_request,max_server_cpu_us_per_request,client_cpu_cores,min_client_cpu_cores,max_client_cpu_cores,seconds,min_seconds,max_seconds,start_skew_ms,min_start_skew_ms,max_start_skew_ms,min_established_connections,max_established_connections,min_ready_connections,max_ready_connections,min_participating_connections,max_participating_connections,min_successful_connections,max_successful_connections,min_alive_connections,max_alive_connections,setup_unattempted,reconnections,failure_log_entries,server_tcp_retransmitted_segments,min_server_tcp_retransmitted_segments,max_server_tcp_retransmitted_segments,server_tcp_retransmits_per_second,min_server_tcp_retransmits_per_second,max_server_tcp_retransmits_per_second,setup_attempted,setup_succeeded,setup_failed,setup_failure_kinds,holding_attempted,holding_succeeded,holding_failed,holding_failure_kinds,warmup_attempted,warmup_succeeded,warmup_failed,warmup_failure_kinds,measurement_attempted,measurement_succeeded,measurement_failed,measurement_failure_kinds,measurement_failure_percent
1,64,zhtps,4,3,3,0,185863.89434004293,183855.92868439815,186977.81029780122,1.21,1.2,1.54,1.83,1.77,1.86,,,,0.9804200164887421,0.9803902123670131,0.9816130027113922,5.278638124812558,5.24716836726168,5.343075041653552,3.7282809219613053,3.646303828121469,3.7524697800550366,8.001172497,8.001155928,8.001190075,0.015739,0.002945,0.030116,64,64,64,64,64,64,64,64,64,64,0,0,0,0,0,0,0.0,0.0,0.0,192,192,0,{},0,0,0,{},1101337,1101337,0,{},4454234,4454234,0,{},0.0
1,64,go,4,3,3,0,76832.08037908994,76229.61360279085,77476.38778612539,3.22,3.2,3.24,6.05,6.03,6.23,,,,0.9807091246974579,0.9805475254569118,0.9819122118847992,12.783481010187751,12.659697650940688,12.869232206852008,2.6156370225576495,2.595916009854767,2.6239790847583415,8.00259471,8.001903344,8.003444891,0.015619,0.006562,0.017151,64,64,64,64,64,64,64,64,64,64,0,0,0,0,0,0,0.0,0.0,0.0,192,192,0,{},0,0,0,{},456291,456291,0,{},1844916,1844916,0,{},0.0
1,64,node,4,3,3,0,95401.59460038903,94303.68721464381,97127.51178410927,2.55,2.5,2.57,3.68,3.62,4.03,,,,0.9881665039841534,0.9880929759744527,0.9893323982502613,10.361920531536393,10.189181713506457,10.480569210181123,2.5412200543685173,2.5324750215137373,2.5674391826656957,8.002830359,8.001669188,8.003186538,0.011861,0.011171,0.030346,64,64,64,64,64,64,64,64,64,64,0,0,0,0,0,0,0.0,0.0,0.0,192,192,0,{},0,0,0,{},532062,532062,0,{},2295397,2295397,0,{},0.0
1,64,bun,4,3,3,0,170034.41012789402,169218.87428587713,171551.1344229918,1.42,1.41,1.43,2.93,2.91,2.94,,,,0.979106802598383,0.97673736017275,0.979311687108298,5.762426334288348,5.696897376440343,5.790131370990851,3.6558478122217966,3.6355310957940756,3.6910976660700476,8.001561777,8.001545093,8.001636967,0.014638,0.01077,0.040626,64,64,64,64,64,64,64,64,64,64,0,0,0,0,0,0,0.0,0.0,0.0,192,192,0,{},0,0,0,{},894198,894198,0,{},4087243,4087243,0,{},0.0
1,1024,zhtps,4,3,3,0,160278.54211713764,158793.45907534673,162296.06002139993,23.9,23.8,24.4,39.8,39.5,40.6,,,,0.9821723932043771,0.981925828837877,0.9834002989260325,6.130582973317182,6.055282888523625,6.19642916044275,4.534320967611898,4.47000568097089,4.578895150596438,8.018680413,8.018327739,8.01953264,0.186916,0.043029,0.948575,1024,1024,1024,1024,1024,1024,1024,1024,1024,1024,0,0,0,12,2,28,1.4953008181171454,0.2492881262827736,3.4900258116076843,3072,3072,0,{},0,0,0,{},958641,958641,0,{},3860016,3860016,0,{},0.0
1,1024,go,4,3,3,0,63415.77025951208,63066.76203836536,63738.38642046245,60.8,60.7,61.2,109.0,109.0,111.0,,,,0.9855289587574468,0.9848804468938218,0.9855446006578684,15.537084773852355,15.467331593096192,15.632619673111106,2.549065496279078,2.541183551002703,2.5584226246730015,8.063708736,8.053859359,8.068639676,0.049602,0.042659,0.205129,1024,1024,1024,1024,1024,1024,1024,1024,1024,1024,0,0,0,150,60,390,18.596616043032444,7.433120543438278,48.40784271794417,3072,3072,0,{},0,0,0,{},387931,387931,0,{},1533571,1533571,0,{},0.0
1,1024,node,4,3,3,0,46416.61845650728,41742.654941573586,46786.86320293369,84.0,83.2,93.8,146.0,145.0,149.0,,,,0.9922784779815286,0.9917280804882794,0.9927098636257959,21.373640944046674,21.22494461616014,23.780081803481405,1.863423273625473,1.7916854876574535,1.9565026990969792,8.05928613,8.056000642,8.124245422,0.044142,0.036407,0.787027,1024,1024,1024,1024,1024,1024,1024,1024,1024,1024,0,0,0,102,0,167,12.656999005545172,0.0,20.71361077678275,3072,3072,0,{},0,0,0,{},261508,261508,0,{},1090431,1090431,0,{},0.0
1,1024,bun,4,3,3,0,144297.01586881877,143912.81102227015,145896.00423359973,27.4,27.1,27.4,41.2,36.5,50.9,,,,0.9809903925730095,0.9805141206886032,0.9810089707690957,6.802556656318954,6.728532735848734,6.81692153706009,4.009277814750251,4.0087725627809965,4.022091195313628,8.027802883,8.027169806,8.032273095,0.564565,0.33488,1.001313,1024,1024,1024,1024,1024,1024,1024,1024,1024,1024,0,0,0,91,87,216,11.328706217726085,10.831338049080712,26.877516994774385,3072,3072,0,{},0,0,0,{},797884,797884,0,{},3485467,3485467,0,{},0.0
1,8192,zhtps,4,3,0,0,93556.87381726036,91147.89094024635,93937.21234253811,307.0,307.0,316.0,474.0,474.0,476.0,,,,0.9867306367299405,0.9863989918079735,0.9869125449908916,10.550650882065446,10.510736794920842,10.83438021363005,3.094354420485384,3.0644443537889727,3.0995515803777267,8.264552254,8.252906263,8.266757625,0.084707,0.044853,0.103822,8136,8176,8136,8176,8136,8176,8136,8176,8136,8176,0,0,90,1516,1417,1624,183.58815949134166,171.3508079645999,196.32033825855018,24576,24486,90,"{""timeout"": 90}",4077,4077,0,{},627251,627251,0,{},2301996,2301996,0,{},0.0
1,8192,go,4,3,3,0,54049.45909312784,53599.2461761586,54250.5824694213,613.0,612.0,614.0,800.0,797.0,805.0,,,,0.9874570535439462,0.9863894439394023,0.9876880251187912,18.274421614555898,18.210575813277476,18.428367400218068,2.347614784515882,2.3205899926436904,2.3603532566160084,8.605655039,8.504205423,8.624054871,0.131613,0.063638,0.677915,8192,8192,8192,8192,8192,8192,8192,8192,8192,8192,0,0,0,3094,3066,3130,359.436765052014,355.4369620616996,367.5499508796969,24576,24576,0,{},0,0,0,{},423142,423142,0,{},1388810,1388810,0,{},0.0
1,8192,node,4,3,3,0,36583.66668669497,36413.53502515269,38090.551500603935,810.0,806.0,815.0,1410.0,1400.0,1430.0,,,,0.9926109843348154,0.9923427953666081,0.9933089790975996,27.14024783650424,26.082988028422292,27.259479210083573,1.4497393124885243,1.4261647537885007,1.4796069102654146,9.024163784,8.686327369,9.026670983,0.032791,0.032771,0.223183,8192,8192,8192,8192,8192,8192,8192,8192,8192,8192,0,0,0,917,714,1002,105.54727858030073,79.07865754686075,111.00476373453895,24576,24576,0,{},4033,4033,0,{},311703,311703,0,{},989697,989697,0,{},0.0
1,8192,bun,4,3,3,0,115787.3268162805,115667.32616988217,117810.43931135138,282.0,278.0,283.0,288.0,285.0,293.0,,,,0.9863898541701966,0.985702779803427,0.9875603931405962,8.524793810457775,8.385718444890042,8.526145629071966,3.5961973530687716,3.549578680386226,3.604618185936023,8.284353341,8.27997931,8.287210927,0.101889,0.046706,0.142444,8192,8192,8192,8192,8192,8192,8192,8192,8192,8192,0,0,0,3722,3533,3890,449.37985994659647,426.0899386751907,469.3484609514381,24576,24576,0,{},0,0,0,{},765987,765987,0,{},2893251,2893251,0,{},0.0
1,16384,zhtps,4,3,0,0,85835.1483496473,85606.84738922327,86630.96185394407,367.0,360.0,394.0,509.0,505.0,516.0,,,,0.9878643986659837,0.9877737899933399,0.9882116648360496,11.521027625268433,11.40822453396635,11.547767431629872,2.899638342175271,2.890924157999594,2.9015050453192344,8.284711114,8.266674924,8.322301688,0.774032,0.702099,1.14629,8176,8176,8176,8176,8176,8176,8176,8176,8176,8176,0,0,24624,1182,952,1228,141.93185763401965,114.81832905705373,148.4819118585914,49152,24528,24624,"{""timeout"": 24624}",877026,877026,0,{},579587,579587,0,{},2139724,2139724,0,{},0.0
1,16384,go,4,3,3,0,51527.10166909149,51507.92273703315,51992.60778318365,1250.0,1250.0,1250.0,1600.0,1590.0,1640.0,2010.0,2010.0,2010.0,0.987450300077131,0.9865644086194277,0.9881234527147287,19.169289175283478,18.980583627129636,19.189503632893558,2.3066255233580266,2.2903537059927954,2.3159137946118316,9.324335824,9.312458456,9.32809895,0.11328,0.095898,0.294274,16384,16384,16384,16384,16384,16384,16384,16384,16384,16384,0,0,19,5408,5252,5496,579.5974950771118,563.0837966859248,590.0350090734581,49152,49152,0,{},18973,18973,0,{},517342,517342,0,{},1445125,1445106,19,"{""timeout"": 19}",0.001314765158723294
1,16384,node,4,3,3,0,24592.663782697942,20358.221283621246,25498.380392473395,1630.0,1440.0,1810.0,1980.0,1970.0,2000.0,2010.0,2010.0,2010.0,0.9916693654445484,0.9904794751120962,0.9926472143812315,40.29183916055253,38.90626441166853,48.78293853148786,1.6106227154536836,1.583066469700232,1.6128176779204544,9.777131176,9.354398057,9.92043815,0.127887,0.092772,0.289656,16384,16384,16384,16384,16384,16384,16384,16384,16384,16384,0,0,396607,3095,2008,3627,311.8677010207409,205.2797556706861,387.5934380528397,49152,49152,0,{},44356,44356,0,{},406942,384925,22017,"{""timeout"": 22017}",1056127,681537,374590,"{""timeout"": 374590}",35.46827228164795
1,16384,bun,4,3,2,0,116294.56215754426,114796.9186559474,118475.36016106425,561.0,550.0,568.0,681.0,680.0,710.0,,,,0.9851707378711541,0.9846147937568637,0.9866566490771608,8.480946975513652,8.33891067804412,8.586682817082316,3.6264300665141804,3.6046114371669837,3.7031292246098144,8.567477116,8.563139193,8.572372948,0.306687,0.09708,0.543967,16364,16384,16364,16384,16364,16384,16364,16384,16364,16384,0,0,20,9684,8021,10394,1129.4358491947196,935.1778599405104,1211.1430894848068,49152,49132,20,"{""timeout"": 20}",13330,13330,0,{},894151,894151,0,{},2994954,2994954,0,{},0.0
2,64,zhtps,4,3,3,0,321494.4777699982,312566.43791966327,321770.4251859895,0.775,0.775,0.794,1.56,1.55,1.56,,,,1.9518384740659407,1.9404952186004085,1.9530386260491612,6.080561215583498,6.0714119237402695,6.214140729093856,7.091329004263023,7.0071108225932015,7.1097212539263825,8.00061099,8.000544886,8.000692642,0.004017,0.003426,0.010209,64,64,64,64,64,64,64,64,64,64,0,0,0,316,248,597,39.46132657799912,30.96827928443379,74.5555416995337,192,192,0,{},0,0,0,{},1883742,1883742,0,{},7647239,7647239,0,{},0.0
2,64,go,4,3,3,0,151530.33918560678,151456.71829306564,153372.05081177194,1.57,1.57,1.58,4.17,4.05,4.48,,,,1.8710195536733498,1.866190942634329,1.8924048871220058,12.345870163821141,12.322574312793785,12.361673859763494,4.103933510838376,4.0875128051387986,4.123325979481552,8.001031672,8.001007964,8.001097381,0.013675,0.010559,0.078025,64,64,64,64,64,64,64,64,64,64,0,0,0,9,1,24,1.1242046064105375,0.1249158656356212,2.9977231464581626,192,192,0,{},0,0,0,{},870570,870570,0,{},3651350,3651350,0,{},0.0
2,1024,zhtps,4,3,3,0,281000.0286714893,265235.17669921485,291333.464081388,1.83,1.82,1.91,223.0,219.0,223.0,2010.0,2010.0,2010.0,1.7323807977295849,1.6299662291397972,1.7844786139924949,6.149653046915589,6.132599595173179,6.16905543084096,6.935592752648197,6.546596589617936,7.1887540119536135,8.243415529,8.210982585,8.969383434,0.049922,0.036127,0.057928,1024,1024,1024,1024,1024,1024,1024,1024,1024,1024,0,0,24,185647,178375,212134,22582.226519503467,19875.72701987248,25717.56271297843,3072,3072,0,{},0,0,0,{},1784859,1784851,8,"{""timeout"": 8}",7087546,7087530,16,"{""timeout"": 16}",0.00022574809391007832
2,1024,go,4,3,3,0,121874.51624507319,120886.28269193563,126558.63553558555,33.2,32.2,33.6,52.7,49.4,60.5,,,,1.9408745328169963,1.9398852145887762,1.9441124621415493,15.964122627355268,15.336713710411738,16.06390114776007,3.9778718376214655,3.9495797715259435,4.116844352457534,8.028197893,8.026816943,8.028290328,0.057547,0.015148,0.608209,1024,1024,1024,1024,1024,1024,1024,1024,1024,1024,0,0,0,572,126,633,71.221693779985,15.687061774739421,78.78872673999925,3072,3072,0,{},0,0,0,{},758330,758330,0,{},2964806,2964806,0,{},0.0
2,8192,zhtps,4,3,3,0,182144.26640382764,177437.983572264,182496.8923859672,159.0,153.0,159.0,254.0,252.0,273.0,,,,1.9109467648064982,1.9077004185017645,1.944200473122467,10.661099933680333,10.479400382613981,10.782748393964036,5.57278153312677,5.422348889246223,5.653496575583936,8.529085382,8.336684423,8.54558291,0.097962,0.04841,0.187027,8192,8192,8192,8192,8192,8192,8192,8192,8192,8192,0,0,0,15788,13320,23367,1845.2680912174899,1596.7252578518835,2738.200189155155,24576,24576,0,{},0,0,0,{},1182443,1182443,0,{},4591254,4591254,0,{},0.0
2,8192,go,4,3,3,0,105403.31444487553,105186.15556015422,106002.24506288095,323.0,321.0,323.0,388.0,378.0,404.0,,,,1.9431751047058667,1.9219010672630576,1.944814216302458,18.466127407171275,18.15377584828059,18.480002649790244,3.8378979201859247,3.8256156517604967,3.843985462164484,8.323728492,8.25737228,8.333371722,0.115584,0.092381,0.12963,8192,8192,8192,8192,8192,8192,8192,8192,8192,8192,0,0,0,10291,9607,11255,1235.881208587389,1151.8991025497378,1361.3188328159008,24576,24576,0,{},0,0,0,{},738425,738425,0,{},2629206,2629206,0,{},0.0
2,16384,zhtps,4,3,0,0,173814.3972689698,173474.3478407208,176539.59090787647,327.0,327.0,329.0,511.0,509.0,514.0,,,,1.9646796723920275,1.9643952104434712,1.9756929009491273,11.313438998347076,11.207783843443446,11.329015430475188,5.4044332535339725,5.380795189367817,5.481175207343083,8.416045474,8.293669383,8.416230318,0.282284,0.217574,0.670303,16276,16300,16276,16300,16276,16300,16276,16300,16276,16300,0,0,295,16318,15556,17643,1964.580211826808,1847.6305036475944,2094.5232828662997,49152,48859,293,"{""timeout"": 293}",72485,72485,0,{},1205428,1205426,2,"{""timeout"": 2}",4386991,4386991,0,{},0.0
2,16384,go,4,3,3,0,103833.80115176053,102585.8382198687,104014.0063465393,662.0,661.0,670.0,715.0,713.0,720.0,,,,1.946173766888392,1.943899601236748,1.9573614639433368,18.86963313448717,18.714571147013356,18.979220157809124,3.8258829235926295,3.7838504012697314,3.8868151225060434,8.50811576,8.507238891,8.515668587,0.177399,0.076432,0.643384,16384,16384,16384,16384,16384,16384,16384,16384,16384,16384,0,0,0,16381,15152,16819,1923.4636076549295,1778.58531686375,1974.2749990878792,49152,49152,0,{},0,0,0,{},849993,849993,0,{},2641889,2641889,0,{},0.0
4,64,zhtps,4,3,3,0,283363.60441041563,283028.6570884643,286522.6896958558,0.838,0.832,0.84,1.97,1.95,2.0,,,,2.0541728879067986,2.0364836324946958,2.072831980465726,7.241243330204185,7.194114499779678,7.264588685171274,6.411401036059988,6.410616600413121,6.454369338244407,8.000784027,8.000635071,8.000846294,0.011091,0.01065,0.01619,64,64,64,64,64,64,64,64,64,64,0,0,0,15384,14788,15906,1920.998378999907,1846.7815185488032,1986.1328380064049,192,192,0,{},0,0,0,{},1663200,1663200,0,{},6823964,6823964,0,{},0.0
4,64,go,4,3,3,0,253760.08874827463,245077.6887480354,253806.71891170143,0.811,0.81,0.825,2.47,2.45,2.53,,,,3.4058162333025406,3.3168815522443524,3.411632907239831,13.45391296125943,13.431763979230265,13.543273406660365,6.432525313428527,6.266688992133927,6.440715771649037,8.000718061,8.000714415,8.089410383,0.006142,0.000341,0.008626,64,64,64,64,64,64,64,64,64,64,0,0,0,11629,10816,11989,1452.3904844276294,1350.6933591670688,1481.0630020179647,192,192,0,{},0,0,0,{},1474007,1474007,0,{},6043432,6043432,0,{},0.0
4,1024,zhtps,4,3,3,0,257760.32713163167,223888.84518480126,262592.5679948097,1.69,1.69,1.71,234.0,220.0,234.0,2010.0,2010.0,2010.0,1.7532676371241978,1.527640093365615,1.789116351874927,6.819918152305431,6.80850379892189,6.826349349206392,6.3049575198823655,5.5013470375444244,6.417552548666574,8.777906464,8.689646017,9.945408393,0.045004,0.002224,0.099084,1024,1024,1024,1024,1024,1024,1024,1024,1024,1024,0,0,56,219774,212480,221387,24182.348846106546,22249.991750914076,25271.683057722796,3072,3072,0,{},0,0,0,{},1686204,1686176,28,"{""timeout"": 28}",6771553,6771525,28,"{""timeout"": 28}",0.0004134945115249043
4,1024,go,4,3,3,0,229032.7818051028,223464.42013788986,230963.84576840553,2.47,2.47,2.53,218.0,218.0,218.0,2010.0,2010.0,2010.0,3.28814676115278,3.195140440521032,3.322492597605643,14.36727803086814,14.308667172844165,14.395350030329826,6.288612407813778,6.111788385929662,6.343786564197468,8.627664496,8.608022582,8.882000091,0.112699,0.046406,0.99794,1024,1024,1024,1024,1024,1024,1024,1024,1024,1024,0,0,116,133568,131598,135718,15268.359015481465,15240.935528092241,15504.538676324957,3072,3072,0,{},0,0,0,{},1470401,1470369,32,"{""timeout"": 32}",5949055,5948971,84,"{""timeout"": 84}",0.0014119889629529395
4,8192,zhtps,4,3,3,0,227637.1384141943,215793.98125024757,234917.1356840758,10.1,9.88,10.1,846.0,846.0,849.0,2010.0,2010.0,2020.0,2.443803256022247,2.3284348127196943,2.6448700757713497,10.802649710258914,10.741011430448252,11.274418548938915,6.202413812062695,5.908886788946119,6.47243113611522,8.907781982,8.529181978,9.38593833,0.240045,0.089817,0.256024,8192,8192,8192,8192,8192,8192,8190,8192,8192,8192,0,0,822,585716,584288,590899,65563.78177769581,62332.40137675987,69186.67990498166,24576,24576,0,{},0,0,0,{},1533556,1533380,176,"{""timeout"": 176}",6057468,6056822,646,"{""timeout"": 646}",0.010664521876137025
4,8192,go,4,3,3,0,167220.91392124176,166371.2024768363,168904.10938104027,27.0,26.7,27.2,1490.0,1490.0,1500.0,2010.0,2010.0,2020.0,3.0025062178913675,2.983069438296923,3.0059639660619637,17.857528215973584,17.78880133871904,18.08212608311692,5.176331039246832,5.145606337447097,5.189920043090162,9.934761245,9.875861781,9.976048814,1.092896,0.138146,1.538982,8192,8192,8192,8192,8192,8192,8183,8188,8192,8192,0,0,24835,351162,347340,352915,35341.32349457031,34936.81965193848,35530.75755832791,24576,24576,0,{},0,0,0,{},1268173,1266356,1817,"{""timeout"": 1817}",5012303,4989285,23018,"{""timeout"": 23018}",0.459230018616193
4,16384,zhtps,4,3,3,0,186694.45683422618,182362.74019146827,187355.04407126547,231.0,231.0,231.0,1290.0,1280.0,1290.0,2020.0,2010.0,2030.0,3.2917026643649563,3.2750227782715577,3.3405844530130744,17.9013703978836,17.575523136668572,17.99103253456302,5.434576118188349,5.321824802425361,5.4423718561218175,9.824277799,9.712495115,9.96984361,0.98228,0.777791,1.224549,16384,16384,16384,16384,16384,16384,16363,16381,16384,16384,0,0,12001,886577,874198,890927,88952.49399075279,88767.78215164164,91691.59036373388,49152,49152,0,{},0,0,0,{},1424198,1423267,931,"{""timeout"": 931}",5483095,5472025,11070,"{""timeout"": 11070}",0.2018932737805929
4,16384,go,4,3,3,0,158354.87929318435,156262.82588750473,159071.84554654045,221.0,188.0,225.0,1640.0,1630.0,1650.0,2020.0,2020.0,2020.0,3.049489137118265,3.0001319329463003,3.049997163762627,19.268442719916717,19.11129645307401,19.54819804479539,5.054209377876751,5.013736267893675,5.079482285482718,10.009006398,9.978208132,10.009640578,0.968995,0.491481,1.301422,16384,16384,16384,16384,16384,16384,16266,16335,16384,16384,0,0,116040,451813,431848,458680,45112.41893473785,43212.979849639836,45211.348288690766,49152,49152,0,{},0,0,0,{},1273897,1266186,7711,"{""timeout"": 7711}",4844779,4736450,108329,"{""timeout"": 108329}",2.2359946655977496
8,64,zhtps,4,3,3,0,285662.2669589945,284594.72954571515,288255.3106755231,0.83,0.825,0.836,1.99,1.95,2.0,,,,2.1801099552664938,2.155437232289018,2.180371259931613,7.580365710922796,7.570052248968873,7.6388044264815385,6.437196667606077,6.414658349775171,6.46707565844978,8.00139978,8.000622512,8.001438012,0.012724,0.011491,0.139438,64,64,64,64,64,64,64,64,64,64,0,0,0,15691,15540,15759,1959.5149688712802,1940.6008290580414,1967.6928615753684,192,192,0,{},0,0,0,{},1669620,1669620,0,{},6869090,6869090,0,{},0.0
8,64,go,4,3,3,0,242358.5771344479,241816.2378557911,246891.92062939118,0.902,0.892,0.905,2.23,2.21,2.25,,,,4.05821265695672,4.051515275173926,4.137305342075112,16.763537371179954,16.752999074721306,16.771660399441924,6.114689907831774,6.109465183117631,6.240983593126501,8.120984833,8.00089365,8.169481862,0.007134,0.006271,0.010259,64,64,64,64,64,64,64,64,64,64,0,0,0,26654,26473,27100,3280.6992917550206,3238.9781549464406,3384.427059953669,192,192,0,{},0,0,0,{},1444422,1444422,0,{},5919086,5919086,0,{},0.0
8,1024,zhtps,4,3,3,0,268859.1488954553,262787.19931121735,274499.9491836805,1.72,1.7,1.73,223.0,223.0,225.0,2010.0,2010.0,2010.0,1.893567165097401,1.8744186542755008,1.9490398900177799,7.106616121111973,7.050417562528224,7.1402585220673,6.6075508473808355,6.481633260831524,6.740230148971141,8.417207387,8.409083378,8.681663361,0.206874,0.02723,0.547765,1024,1024,1024,1024,1024,1024,1024,1024,1024,1024,0,0,136,209565,198698,212818,24488.824134882943,23585.735856468003,24895.704984957196,3072,3072,0,{},0,0,0,{},1705719,1705603,116,"{""timeout"": 116}",6852832,6852812,20,"{""timeout"": 20}",0.0002918501431233102
8,1024,go,4,3,3,0,255889.5041169785,247254.49572358633,256686.81152628764,1.79,1.76,1.81,218.0,218.0,218.0,2010.0,2010.0,2010.0,3.9701719330229057,3.873334665655294,4.050635056337231,15.673288793156766,15.522720867535313,15.790478028847701,6.4811348920053895,6.2853807552797605,6.487984336062469,8.83991268,8.819009626,9.155441212,0.898275,0.045965,4.149337,1024,1024,1024,1024,1024,1024,1024,1024,1024,1024,0,0,1438,187660,183591,190871,21268.106792012142,20041.96639580827,21578.201942801836,3072,3072,0,{},0,0,0,{},1657115,1657019,96,"{""timeout"": 96}",6790847,6789505,1342,"{""timeout"": 1342}",0.01976189420848386
8,8192,zhtps,4,3,3,0,220885.1226311011,219525.46422698093,221457.04422613222,7.66,7.65,8.0,860.0,852.0,869.0,2010.0,2010.0,2010.0,2.452268261869915,2.432234532848517,2.477329886241767,11.091395178271464,11.077985683907189,11.220292374194848,5.965130157694687,5.94674232045903,5.976320685521405,9.52228912,9.477038797,9.626901405,0.868078,0.476433,0.938399,8192,8192,8192,8192,8192,8192,8190,8192,8192,8192,0,0,2024,551840,551577,553441,58095.782031000555,57231.33148227384,58203.82653383383,24576,24576,0,{},0,0,0,{},1610227,1609988,239,"{""timeout"": 239}",6317224,6315439,1785,"{""timeout"": 1785}",0.02825608210188526
8,8192,go,4,3,3,0,195501.4061246883,192224.88465090687,196422.60292016968,9.93,9.89,10.1,1480.0,1480.0,1480.0,2010.0,2010.0,2020.0,3.755196830741121,3.718276385879903,3.7687740991657894,19.283683722704772,19.126941811650095,19.366276794304255,5.680026105418824,5.655675086806526,5.696642772228091,9.86740729,9.835069749,10.008917438,0.120012,0.065441,0.798879,8192,8192,8192,8192,8192,8192,8100,8162,8192,8192,0,0,53635,415072,406058,417537,42053.15551196565,40520.68185858517,42433.73487941364,24576,24576,0,{},0,0,0,{},1464964,1459106,5858,"{""timeout"": 5858}",5832662,5784885,47777,"{""timeout"": 47777}",0.8191285557092113
8,16384,zhtps,4,3,3,0,206262.06201377686,205703.46461613284,208626.9569918296,225.0,225.0,225.0,1310.0,1310.0,1320.0,2020.0,2020.0,2020.0,3.7506724016429516,3.7007514503569805,3.861806811766645,18.241591419896697,17.957384420862052,18.541807983913355,5.836989005288413,5.800458683539696,5.89248220748347,9.854405508,9.73031975,9.863129937,0.160928,0.04287,2.660297,16384,16384,16384,16384,16384,16384,16348,16371,16384,16384,0,0,22210,858348,857306,860151,87028.52086685649,86883.0415992048,88250.97322157762,49152,49152,0,{},0,0,0,{},1586249,1584376,1873,"{""timeout"": 1873}",6111814,6091477,20337,"{""timeout"": 20337}",0.33274900054222856
8,16384,go,4,3,3,0,181328.5342814327,180872.96999448026,182708.40952190102,45.7,42.1,52.2,1560.0,1550.0,1560.0,2020.0,2020.0,2020.0,3.7764685089666012,3.7700870096051955,3.7799351216908823,20.854728996249463,20.676854057374854,20.864056289967397,5.623211305857315,5.60778500574267,5.625984172352779,10.007802714,10.007272199,10.013671537,0.952965,0.111457,2.214512,16384,16384,16384,16384,16384,16384,16121,16229,16384,16384,0,0,184076,550635,541684,552577,54974.77409555837,54099.10226348715,55165.058834271964,49152,49152,0,{},0,0,0,{},1426581,1406928,19653,"{""timeout"": 19653}",5618750,5454327,164423,"{""timeout"": 164423}",2.9263270300333706
